"Area","SiteCode","EPANumber","CAMS","Location1(km)","LongitudeLatitude","Status2","Site Info","StartDate","EndDate"
"Attainment Areas","AMSH","483750024","24","-426.4,-511.1","-101.716,35.280","NR","Amarillo SH 136, Amarillo, Potter, TX","2010-04-25",""
"Attainment Areas","ATAM","483750320","320","-444.3,-518.9","-101.909,35.201","NR","Amarillo Texas A&M C320, Amarillo, Potter, TX","2005-04-12",""
"Attainment Areas","BEVL","480250641","641","-78.2,-1293.4","-97.790,28.360","NR","Beeville Airport C641, Beeville, Bee, TX","2005-07-26","2006-10-18"
"Attainment Areas","CLVL","483870648","648","179.4,-704.4","-95.060,33.620","NR","Clarksville NTRD C648/C668, Clarksville, Red River, TX","2005-07-27","2006-12-15"
"Attainment Areas","COLE","481750624","624","-21.8,-1253.2","-97.221,28.721","NR","Coleto C624, Victoria, Goliad, TX","2010-07-10",""
"Attainment Areas","CRSA","483491051","1051","56.7,-882.8","-96.399,32.032","NR","Corsicana Airport C1051, Corsicana, Navarro, TX","2009-06-16",""
"Attainment Areas","EGPS","483230004","319","-339.9,-1248.9","-100.451,28.702","NR","Eagle Pass C319/C655, Eagle Pass, Maverick, TX","2005-08-22",""
"Attainment Areas","FAYT","481490001","601","24.7,-1114.0","-96.745,29.962","NR","Fayette County C601, Roundtop, Fayette, TX","2000-05-18",""
"Attainment Areas","GMNP","481090658","658","-737.5,-867.0","-104.806,31.891","NR","Guadalupe Mountain National Park C658, Salt Flat, Culberson, TX","2006-04-24","2007-01-31"
"Attainment Areas","GRAN","482210001","73","-75.4,-837.0","-97.803,32.442","R","Granbury C73/C681, Granbury, Hood, TX","2000-05-09",""
"Attainment Areas","GRVL","482311006","1006","82.4,-757.8","-96.115,33.153","R","Greenville C1006/A198, Greenville, Hunt, TX","2003-03-19",""
"Attainment Areas","HLTV","482850649","649","6.5,-1171.7","-96.933,29.447","NR","Hallettsville C649, Halletsville, Lavaca, TX","2005-08-01","2007-11-15"
"Attainment Areas","LACT","483739001","1027","223.4,-1028.4","-94.674,30.702","R","Alabama-Coushatta-TX C1027, Livingston, Polk, TX","2005-04-13",""
"Attainment Areas","LBMD","483030325","325","-448.5,-697.6","-101.850,33.591","NR","Lubbock C325, Lubbock, Lubbock, TX","2008-08-20",""
"Attainment Areas","MDOB","482430004","317","-680.2,-1008.6","-104.085,30.668","NR","McDonald Observatory C317, Fort Davis, Jeff Davis, TX","2003-02-24",""
"Attainment Areas","NASS","482730314","314","-29.9,-1398.8","-97.299,27.427","NR","National Seashore C314, Corpus Christi, Kleberg, TX","2002-12-11",""
"Attainment Areas","NEWT","483510639","639","312.2,-1005.3","-93.742,30.885","NR","Newton NTRD C639, Newton, Newton, TX","2005-07-22","2006-11-07"
"Attainment Areas","ODGZ","481351014","1014","-504.5,-886.2","-102.335,31.870","NR","Odessa Gonzales C1014, Odessa, Ector, TX","2002-06-06",""
"Attainment Areas","ODHY","481350003","47","-505.4,-889.9","-102.342,31.836","NR","Odessa Hays C47/C122, Odessa, Ector, TX","1997-01-02",""
"Attainment Areas","PCON","480570657","657","53.9,-1285.3","-96.455,28.434","NR","Port O Connor C657, Port O'Connor, Calhoun, TX","2005-10-01","2007-07-30"
"Attainment Areas","PLTN","480010647","647","122.6,-910.3","-95.706,31.779","NR","Palestine C647, Palestine, Anderson, TX","2005-07-26","2006-10-25"
"Attainment Areas","PNOL","483650627","627","277.2,-842.4","-94.052,32.356","NR","Panola C627, De Berry, Panola, TX","2004-07-05","2006-10-30"
"Attainment Areas","PTX4","480650004","104","-414.4,-505.5","-101.587,35.336","NR","Pantex 4 A104, Amarillo, Carson, TX","1999-07-09",""
"Attainment Areas","PTX5","480650005","105","-413.8,-503.7","-101.581,35.353","NR","Pantex 5 A105/A205, Amarillo, Carson, TX","1999-07-09",""
"Attainment Areas","PTX7","480650007","79","-411.8,-500.4","-101.561,35.383","NR","Pantex 7 C79, Amarillo, Carson, TX","1999-07-12",""
"Attainment Areas","SAGA","484050646","646","268.9,-933.7","-94.170,31.539","NR","San Augustine Airport NTRD C646, San Augustine, San Augustine, TX","2005-07-27","2006-12-15"
"Attainment Areas","WAMB","480370645","645","266.7,-715.4","-94.120,33.500","NR","Wamba NTRD C645, Texarkana, Bowie, TX","2005-07-20","2006-11-07"
"Attainment Areas","WCF2","484850652","652","-134.6,-677.5","-98.460,33.870","NR","Wichita Falls TEXAQSII C652, Wichita Falls, Wichita, TX","2005-08-01","2007-02-14"
"Attainment Areas","WCHF","484850315","315","-145.0,-678.1","-98.573,33.863","NR","Wichita Falls C315, Wichita Falls, Wichita, TX","2005-03-14",""
"Austin-Round Rock (ARR)","ANWC","484530014","3","-73.3,-1069.9","-97.760,30.354","R","Austin Northwest C3, Austin, Travis, TX","1996-06-01",""
"Austin-Round Rock (ARR)","AQSI","484530637","637","-70.9,-1082.0","-97.734,30.246","NR","AQSI Test Site C637, Austin, Travis, TX","2005-07-01","2006-07-26"
"Austin-Round Rock (ARR)","AUDU","484530020","38","-84.0,-1055.4","-97.872,30.483","R","Audubon C38, Austin, Travis, TX","1997-03-10",""
"Austin-Round Rock (ARR)","AUST","484530021","171","-68.9,-1080.1","-97.713,30.263","NR","Austin Webberville Road AF171, Austin, Travis, TX","1999-08-12",""
"Austin-Round Rock (ARR)","DRIP","482090614","614","-104.7,-1085.1","-98.083,30.215","NR","Dripping Springs School C614, Dripping Springs, Hays, TX","2003-03-11",""
"Austin-Round Rock (ARR)","LGTN","484910690","690","-70.5,-1035.0","-97.734,30.666","NR","CAPCOG Lake Georgetown C690, Georgetown, Williamson, TX","2007-09-20","2013-11-13"
"Austin-Round Rock (ARR)","MRCG","480210684","684","-44.4,-1093.9","-97.459,30.141","NR","CAPCOG McKinney Roughs C684, Cedar Creek, Bastrop, TX","2006-08-18",""
"Austin-Round Rock (ARR)","PFLU","484530613","613","-57.9,-1062.7","-97.601,30.419","R","Pflugerville Wastewater C613, Pflugerville, Travis, TX","2002-09-18","2006-11-03"
"Austin-Round Rock (ARR)","RRCG","484910674","674","-65.9,-1049.9","-97.685,30.533","NR","CAPCOG Round Rock C674, Round Rock, Williamson, TX","2006-06-02",""
"Austin-Round Rock (ARR)","SMCG","482090675","675","-92.0,-1121.5","-97.948,29.891","NR","CAPCOG San Marcos C675, San Marcos, Hays, TX","2006-06-02",""
"Austin-Round Rock (ARR)","SMSR","482091675","1675","-90.2,-1124.8","-97.929,29.862","NR","CAPCOG San Marcos Staples Road C1675, San Marcos, Hays, TX","2011-09-20",""
"Austin-Round Rock (ARR)","UTCT","484530636","636","-69.8,-1066.6","-97.724,30.384","NR","UT CEER Test Site C636, Austin, Travis, TX","2005-07-01","2006-07-21"
"Austin-Round Rock (ARR)","ZAVA","484530326","326","-69.6,-1080.7","-97.720,30.258","NR","Zavala C326, Austin, Travis, TX","2009-02-16",""
"Beaumont-Port Arthor (BPA)","BEAU","482450020","54","283.0,-1097.7","-94.077,30.067","NR","Carroll St. Park C54/A130, Beaumont, Jefferson, TX","1997-11-18","2008-07-30"
"Beaumont-Port Arthor (BPA)","BMTC","482450009","2","283.7,-1101.2","-94.071,30.036","R","Beaumont-Lamar C2/A112, Beaumont, Jefferson, TX","1997-12-09",""
"Beaumont-Port Arthor (BPA)","GROV","482450014","119","300.9,-1109.0","-93.896,29.961","NR","Groves A119, Groves, Jefferson, TX","1996-01-01",""
"Beaumont-Port Arthor (BPA)","JEFA","482450018","1019","290.8,-1111.4","-94.001,29.943","R","Jefferson Co. Airport C1019/A317/C2001 , Port Arthur, Jefferson, TX","1994-10-01",""
"Beaumont-Port Arthor (BPA)","JEFC","482450022","64","260.5,-1121.2","-94.317,29.864","R","Hamshire C64/C654, Hamshire, Jefferson, TX","2000-02-15",""
"Beaumont-Port Arthor (BPA)","MARY","482451050","1050","281.7,-1097.8","-94.091,30.067","NR","Beaumont Mary C1050/A33, Beaumont, Jefferson, TX","2010-10-13",""
"Beaumont-Port Arthor (BPA)","NLHS","482451035","1035","289.7,-1107.4","-94.011,29.979","R","Nederland High School C1035, Nederland, Jefferson, TX","2006-08-21",""
"Beaumont-Port Arthor (BPA)","PAMS","482450021","303","299.8,-1113.3","-93.909,29.923","NR","Port Arthur Memorial School C303/689, Port Arthur, Jefferson, TX","2002-03-19",""
"Beaumont-Port Arthor (BPA)","PAWC","482450011","28","292.3,-1116.8","-93.988,29.894","R","Port Arthur West C28/A128/A228, Port Arthur, Jefferson, TX","1997-11-18",""
"Beaumont-Port Arthor (BPA)","PTAR","482450019","131","293.1,-1116.8","-93.979,29.894","NR","City Service Center/PA A131, Port Arthur, Jefferson, TX","1996-05-08",""
"Beaumont-Port Arthor (BPA)","PTNE","482450017","136","295.3,-1105.8","-93.953,29.991","NR","Port Neches A136, Port Neches, Jefferson, TX","1996-01-01",""
"Beaumont-Port Arthor (BPA)","S40S","482450101","640","301.8,-1136.2","-93.897,29.718","R","SETRPC 40 Sabine Pass C640/C654, Sabine Pass, Jefferson, TX","1999-09-20",""
"Beaumont-Port Arthor (BPA)","S42S","483611100","642","302.3,-1084.4","-93.873,30.180","R","SETRPC Mauriceville 42 C642/C311/C665, Port Arthur, Orange, TX","1999-09-20",""
"Beaumont-Port Arthor (BPA)","S43S","482450102","643","290.8,-1111.5","-94.001,29.942","R","SETRPC 43 Jefferson Co Airport C643, Port Arthur, Jefferson, TX","1999-07-05",""
"Beaumont-Port Arthor (BPA)","SEPA","482450628","628","295.6,-1120.0","-93.955,29.865","R","SETRPC Port Arthur C628, Port Arthur, Jefferson, TX","2004-10-06",""
"Beaumont-Port Arthor (BPA)","WORA","483611001","9","313.4,-1094.8","-93.762,30.084","R","West Orange C9/A141, West Orange, Orange, TX","1997-12-10",""
"Big Bend (BB)","BBNP","480430101","67","-602.7,-1167.4","-103.168,29.303","NR","BRAVO Big Bend C67/C316/C656/C691, Big Bend, Brewster, TX","1990-10-01",""
"Corpus Christi (CC)","ARPS","484090659","659","-14.8,-1347.0","-97.149,27.887","NR","Aransas Pass C659, Aransas Pass, San Patricio, TX","2006-01-23",""
"Corpus Christi (CC)","CC01","483550029","170","-41.7,-1355.8","-97.419,27.808","NR","Corpus Hillcrest A170/A168, Corpus Christi, Nueces, TX","1996-01-11",""
"Corpus Christi (CC)","CC02","483550032","98","-43.0,-1356.2","-97.432,27.804","NR","Corpus Christi Huisache C98/A155, Corpus Christi, Nueces, TX","1997-08-06",""
"Corpus Christi (CC)","CCHR","483550660","660","-38.6,-1367.6","-97.387,27.703","NR","Holly Road C660, Corpus Christi, Nueces, TX","2006-01-18",""
"Corpus Christi (CC)","CCPM","483550083","83","-41.8,-1356.3","-97.420,27.803","NR","Corpus Christi Palm C83, Corpus Christi, Nueces, TX","2010-05-18",""
"Corpus Christi (CC)","CCTO","483550026","21","-55.3,-1352.9","-97.555,27.833","R","Corpus Christi Tuloso C21, Corpus Christi, Nueces, TX","1998-03-17",""
"Corpus Christi (CC)","CCWT","483550025","4","-43.3,-1360.6","-97.434,27.765","R","Corpus Christi West C4, Corpus Christi, Nueces, TX","1998-03-18",""
"Corpus Christi (CC)","DONA","483550034","635","-46.4,-1355.4","-97.466,27.811","NR","Dona Park C635/AF199/F299, Corpus Christi, Nueces, TX","2002-10-01",""
"Corpus Christi (CC)","FHRE","483550039","632","-52.7,-1353.6","-97.529,27.827","NR","FHR Easement C632, Corpus Christi, Nueces, TX","2004-11-30",""
"Corpus Christi (CC)","INHB","483550038","631","-52.4,-1351.6","-97.526,27.845","NR","Inner Harbor C631, Corpus Christi, Nueces, TX","2004-11-30",""
"Corpus Christi (CC)","ISID","484090685","685","-24.8,-1345.3","-97.249,27.902","NR","Ingleside C685, Aransas Pass, San Patricio, TX","2007-06-29",""
"Corpus Christi (CC)","JIHL","483550037","630","-43.1,-1354.0","-97.433,27.824","NR","J.I. Hailey C630, Corpus Christi, Nueces, TX","2004-11-30",""
"Corpus Christi (CC)","ODEM","484090686","686","-53.5,-1342.5","-97.538,27.925","NR","Odem C686, Odem, San Patricio, TX","2007-06-28",""
"Corpus Christi (CC)","OKPK","483550035","634","-43.2,-1356.8","-97.434,27.799","NR","Oak Park C634, Corpus Christi, Nueces, TX","2004-11-30",""
"Corpus Christi (CC)","PGEL","483550036","629","-41.8,-1354.8","-97.420,27.817","NR","Port Grain Elevator C629, Corpus Christi, Nueces, TX","2004-11-30",""
"Corpus Christi (CC)","SOLE","483550041","633","-54.0,-1353.4","-97.542,27.829","NR","Solar Estates C633, Corpus Christi, Nueces, TX","2004-11-30",""
"Corpus Christi (CC)","TAFT","484090687","687","-40.7,-1342.8","-97.409,27.923","NR","Taft C687, Taft, San Patricio, TX","2007-05-07",""
"Corpus Christi (CC)","VILT","483550664","664","-61.7,-1361.3","-97.619,27.758","NR","Violet C664, Robstown, Nueces, TX","2006-01-12",""
"Corpus Christi (CC)","WLPK","483551024","1024","-41.2,-1356.2","-97.414,27.804","NR","Williams Park C1024/E308, Corpus Christi, Nueces, TX","2005-08-08",""
"Dallas-Fort Worth (DFW)","ARLA","484393011","61","-8.2,-813.5","-97.088,32.656","R","Arlington Municipal Airport C61, Arlington, Tarrant, TX","2001-01-14",""
"Dallas-Fort Worth (DFW)","ARUT","484391018","1018","-10.1,-805.7","-97.108,32.726","NR","Arlington UT Campus C1018, Arlington, Tarrant, TX","2012-09-18",""
"Dallas-Fort Worth (DFW)","BOYS","481130057","134","11.9,-799.8","-96.873,32.779","NR","Boys Club A134, Dallas, Dallas, TX","1997-01-02","2008-02-25"
"Dallas-Fort Worth (DFW)","CLEB","482510003","77","-41.1,-847.1","-97.437,32.353","R","Cleburne Airport C77/C682, Cleburne, Johnson, TX","2000-05-10",""
"Dallas-Fort Worth (DFW)","DACC","481130050","312","18.9,-800.3","-96.798,32.774","NR","Convention Center C312, Dallas, Dallas, TX","2002-04-02",""
"Dallas-Fort Worth (DFW)","DALN","481130075","63","17.9,-784.2","-96.808,32.919","R","Dallas North No.2 C63/C679, Dallas, Dallas, TX","1998-11-03",""
"Dallas-Fort Worth (DFW)","DECT","484970088","88","-54.3,-750.4","-97.584,33.222","NR","Decatur Thompson C88, Decatur, Wise, TX","2010-10-06",""
"Dallas-Fort Worth (DFW)","DENT","481210034","56","-17.9,-753.6","-97.193,33.194","R","Denton Airport South C56/A163/X157, Denton, Denton, TX","1998-02-18",""
"Dallas-Fort Worth (DFW)","DHIC","481130069","401","13.1,-795.2","-96.860,32.820","R","Dallas Hinton St. C401/C60/AH161, Dallas, Dallas, TX","1999-12-13",""
"Dallas-Fort Worth (DFW)","DISH","481211013","1013","-27.7,-760.6","-97.298,33.131","NR","Dish Airfield C1013, Dish, Denton, TX","2010-03-31",""
"Dallas-Fort Worth (DFW)","EJPK","484391009","1009","-27.2,-817.3","-97.290,32.621","NR","Everman Johnson Park C1009, Everman, Tarrant, TX","2011-06-28",""
"Dallas-Fort Worth (DFW)","EMTL","484390075","75","-44.5,-776.4","-97.477,32.988","R","Eagle Mountain Lake C75, Eagle Mountain Lake, Tarrant, TX","2000-06-06",""
"Dallas-Fort Worth (DFW)","FLMS","481211007","1007","-12.1,-770.1","-97.130,33.046","NR","Flower Mound Shiloh C1007, Flower Mound, Denton, TX","2010-10-27",""
"Dallas-Fort Worth (DFW)","FREB","480850009","1010","15.9,-759.1","-96.829,33.145","NR","Frisco Eubanks C1010, Frisco, Collin, TX","2011-06-08",""
"Dallas-Fort Worth (DFW)","FRIC","480850005","31","19.9,-760.5","-96.786,33.132","R","Frisco  C31/C680, Frisco, Collin, TX","1997-06-12",""
"Dallas-Fort Worth (DFW)","FRSB","480850029","29","16.4,-760.1","-96.824,33.136","NR","Frisco Stonebrook C29, Frisco, Collin, TX","2011-01-07",""
"Dallas-Fort Worth (DFW)","FWMC","484391002","13","-33.3,-796.7","-97.356,32.806","R","Ft. Worth Northwest C13/AH302, Fort Worth, Tarrant, TX","1997-08-12",""
"Dallas-Fort Worth (DFW)","GRAP","484393009","70","-6.0,-777.0","-97.064,32.984","R","Grapevine Fairway C70/A301/X182, Grapevine, Tarrant, TX","2000-07-26",""
"Dallas-Fort Worth (DFW)","HAWS","484391006","310","-31.9,-802.0","-97.341,32.759","NR","Haws Athletic Center C310, Fort Worth, Tarrant, TX","2001-04-09",""
"Dallas-Fort Worth (DFW)","ITHS","481390650","650","11.5,-866.7","-96.878,32.178","NR","Italy High School C650, Italy, Ellis, TX","2005-08-01","2006-11-07"
"Dallas-Fort Worth (DFW)","ITLY","481391044","1044","12.3,-866.9","-96.870,32.176","NR","Italy C1044/A323, Italy, Ellis, TX","2007-08-31",""
"Dallas-Fort Worth (DFW)","KAUF","482570005","71","64.0,-823.4","-96.317,32.565","R","Kaufman C71/A304/X071, Kaufman, Kaufman, TX","2000-08-28",""
"Dallas-Fort Worth (DFW)","KDTP","484391062","1062","-18.7,-813.1","-97.200,32.659","NR","Kennedale Treepoint Dr C1062 , Arlington, Tarrant, TX","2012-06-20",""
"Dallas-Fort Worth (DFW)","KELC","484392003","17","-26.3,-783.7","-97.282,32.923","R","Keller C17, Fort Worth, Tarrant, TX","1997-07-15",""
"Dallas-Fort Worth (DFW)","LUIS","482511008","1008","-15.9,-834.2","-97.169,32.470","NR","Johnson County Luisa C1008, Alvarado, Johnson, TX","2010-11-23",""
"Dallas-Fort Worth (DFW)","MANF","482511063","1063","-11.1,-826.2","-97.118,32.542","NR","Mansfield Flying L Lane C1063, Mansfield, Johnson, TX","2012-09-19",""
"Dallas-Fort Worth (DFW)","MDLO","481390016","52","-2.5,-832.8","-97.027,32.482","R","Midlothian OFW C52/A137, Midlothian, Ellis, TX","1997-08-27",""
"Dallas-Fort Worth (DFW)","MDLT","481390015","94","-2.3,-837.8","-97.024,32.437","R","Midlothian Tower C94/A305/X158, Midlothian, Ellis, TX","1997-08-27","2007-08-22"
"Dallas-Fort Worth (DFW)","MDWY","481390017","302","-4.0,-833.7","-97.043,32.474","NR","Midlothian Wyatt Road C302/A306, Midlothian, Ellis, TX","2000-08-17","2006-04-04"
"Dallas-Fort Worth (DFW)","PIPT","481211032","1032","5.2,-729.5","-96.944,33.411","R","Pilot Point C1032, Pilot Point, Denton, TX","2006-05-03",""
"Dallas-Fort Worth (DFW)","REDB","481130087","402","12.0,-811.1","-96.872,32.677","R","Dallas Executive Airport C402, Dallas, Dallas, TX","1999-12-13",""
"Dallas-Fort Worth (DFW)","RKWL","483970001","69","50.5,-782.2","-96.459,32.936","R","Rockwall Heath C69, Rockwall, Rockwall, TX","2000-08-07",""
"Dallas-Fort Worth (DFW)","TETX","482570020","20","63.8,-804.8","-96.318,32.732","NR","Terrell Temtex C20, Terrell, Kaufman, TX","2010-12-22",""
"Dallas-Fort Worth (DFW)","WTFD","483670081","76","-84.6,-789.4","-97.906,32.869","R","Parker County C76, Weatherford, Parker, TX","2000-07-26",""
"El Paso-Juarez (ELP)","ELVS","481410054","36","-885.7,-873.9","-106.356,31.704","NR","El Paso Lower Valley Sounder C36, El Paso, El Paso, TX","1998-07-27",""
"El Paso-Juarez (ELP)","EP58","481410058","72","-890.1,-852.1","-106.426,31.894","R","Skyline Park C72, El Paso, El Paso, TX","2000-07-10",""
"El Paso-Juarez (ELP)","EPAP","481410055","37","-889.6,-868.6","-106.403,31.747","R","Ascarate Park Southeast C37/A172/X159, El Paso, El Paso, TX","1999-08-31",""
"El Paso-Juarez (ELP)","EPCH","481410044","41","-894.3,-866.0","-106.455,31.766","R","Chamizal C41/AH126, El Paso, El Paso, TX","1998-06-23",""
"El Paso-Juarez (ELP)","EPFB","481410051","324","-890.7,-862.4","-106.421,31.802","NR","Fort Bliss C324, El Paso, El Paso, TX","2005-10-01",""
"El Paso-Juarez (ELP)","EPIV","481410029","414","-881.7,-865.1","-106.324,31.786","R","Ivanhoe C414, El Paso, El Paso, TX","2000-03-28",""
"El Paso-Juarez (ELP)","EPMC","481410050","415","-879.2,-878.0","-106.284,31.673","NR","Moon City C415, El Paso, El Paso, TX","2000-03-28",""
"El Paso-Juarez (ELP)","EPSM","481410053","40","-898.7,-866.4","-106.501,31.758","NR","El Paso Sun Metro C40/AP116, El Paso, El Paso, TX","1998-06-01",""
"El Paso-Juarez (ELP)","EPSO","481410057","49","-881.1,-879.0","-106.303,31.662","R","Socorro C49/F312, El Paso, El Paso, TX","1999-11-17",""
"El Paso-Juarez (ELP)","EPTI","481410002","413","-897.0,-866.7","-106.483,31.757","NR","Tillman C413, El Paso, El Paso, TX","2000-03-28",""
"El Paso-Juarez (ELP)","EPWB","481410047","123","-890.2,-865.3","-106.413,31.776","NR","El Paso Womble A123, El Paso, El Paso, TX","1997-04-12",""
"El Paso-Juarez (ELP)","UTEP","481410037","12","-898.6,-865.3","-106.501,31.768","R","El Paso UTEP C12/A125/X151, El Paso, El Paso, TX","1998-06-03",""
"El Paso-Juarez (ELP)","VBDM","481410693","693","-894.7,-860.7","-106.465,31.813","NR","Van Buren Dam C693, El Paso, El Paso, TX","2010-07-05",""
"Houston-Galveston-Brazoria (HGB)","ANAH","480710013","96","215.7,-1158.0","-94.787,29.546","NR","Smith Point Hawkins Camp C96/C638, Anahuac, Chambers, TX","2000-09-06",""
"Houston-Galveston-Brazoria (HGB)","ATAS","482010560","560","171.1,-1112.4","-95.235,29.962","NR","Atascocita C560, Houston, Harris, TX","2004-07-29",""
"Houston-Galveston-Brazoria (HGB)","BAYP","482010055","53","146.0,-1142.6","-95.499,29.696","R","Houston Bayland Park C53/A146, Houston, Harris, TX","1998-03-24",""
"Houston-Galveston-Brazoria (HGB)","BAYT","482010058","148","191.4,-1133.4","-95.031,29.771","NR","Baytown A148, Baytown, Harris, TX","1998-08-14",""
"Houston-Galveston-Brazoria (HGB)","BP31","481670615","615","201.1,-1176.8","-94.941,29.381","NR","Texas City BP 31st St. C615/C1615, Texas City, Galveston, TX","2010-01-07",""
"Houston-Galveston-Brazoria (HGB)","BPLG","481670621","621","202.2,-1176.8","-94.930,29.381","NR","Texas City BP Logan St. C621/C1621, Texas City, Galveston, TX","2010-04-07",""
"Houston-Galveston-Brazoria (HGB)","BPOS","481670616","616","203.7,-1178.1","-94.915,29.369","NR","Texas City BP Onsite C616/C1616, Texas City, Galveston, TX","2010-01-21",""
"Houston-Galveston-Brazoria (HGB)","BUHV","482010562","562","142.1,-1135.3","-95.538,29.762","NR","Bunker Hill Village C562, Houston, Harris, TX","2004-10-08",""
"Houston-Galveston-Brazoria (HGB)","BYTE","482011017","1017","195.5,-1128.7","-94.988,29.812","NR","Baytown Eastpoint C1017, Baytown, Harris, TX","2012-06-05",""
"Houston-Galveston-Brazoria (HGB)","BYWC","482010552","552","195.9,-1137.5","-94.985,29.733","NR","Baytown Wetlands Center C552, Baytown, Harris, TX","2003-06-11",""
"Houston-Galveston-Brazoria (HGB)","CCHS","481670571","571","188.1,-1160.9","-95.071,29.526","NR","Clear Creek High School C571, League City, Galveston, TX","2003-10-02","2012-06-21"
"Houston-Galveston-Brazoria (HGB)","CECH","482016000","1020","170.0,-1143.5","-95.253,29.684","NR","Cesar Chavez C1020/175, Houston, Harris, TX","2000-12-15",""
"Houston-Galveston-Brazoria (HGB)","CHVN","482010030","1030","181.7,-1124.3","-95.129,29.854","NR","Channelview North C1030/A309, Houston, Harris, TX","2005-12-07","2007-10-02"
"Houston-Galveston-Brazoria (HGB)","CLHS","482010572","572","184.6,-1154.6","-95.105,29.583","NR","Clear Lake High School C572, Houston, Harris, TX","2003-09-12",""
"Houston-Galveston-Brazoria (HGB)","CLTA","480391003","11","157.3,-1219.2","-95.397,29.011","R","Clute C11/A111, Clute, Brazoria, TX","1997-04-15",""
"Houston-Galveston-Brazoria (HGB)","CLTN","482011035","403","169.5,-1137.9","-95.257,29.734","R","Clinton C403/C304/AH113, Houston, Harris, TX","1997-12-17",""
"Houston-Galveston-Brazoria (HGB)","CNR2","483390078","78","152.0,-1069.3","-95.425,30.350","R","Conroe Relocated C78, Conroe, Montgomery, TX","2001-10-17",""
"Houston-Galveston-Brazoria (HGB)","CRBL","482010553","553","187.4,-1116.6","-95.068,29.921","NR","Crosby Library C553, Crosby, Harris, TX","2003-06-16",""
"Houston-Galveston-Brazoria (HGB)","DNCG","480390618","618","121.0,-1204.3","-95.765,29.149","Ind","Danciger C618, Danciger, Brazoria, TX","2003-06-06",""
"Houston-Galveston-Brazoria (HGB)","DRPK","482011039","35","182.2,-1144.9","-95.128,29.670","R","Houston Deer Park 2 C35/1001/AFH139F239, Deer Park, Harris, TX","1996-10-24",""
"Houston-Galveston-Brazoria (HGB)","FPSA","480391012","1012","161.5,-1224.4","-95.355,28.964","NR","Freeport South Avenue I C1012, Freeport, Brazoria, TX","2011-05-25",""
"Houston-Galveston-Brazoria (HGB)","FWCB","482010570","570","176.9,-1158.5","-95.185,29.549","NR","Clear Brook High School C570, Friendswood, Harris, TX","2003-09-12",""
"Houston-Galveston-Brazoria (HGB)","GALC","481670014","34","209.7,-1189.9","-94.856,29.263","R","Galveston Airport C34/A109/X152, Galveston, Galveston, TX","1997-04-16","2007-03-21"
"Houston-Galveston-Brazoria (HGB)","GALV","481671034","1034","209.3,-1190.9","-94.861,29.254","R","Galveston 99th St.C1034/A320/X183, Galveston, Galveston, TX","2007-03-20",""
"Houston-Galveston-Brazoria (HGB)","GODY","482010673","673","169.9,-1141.5","-95.254,29.702","NR","Goodyear Houston Site 2 C673, Houston, Harris, TX","2006-10-07",""
"Houston-Galveston-Brazoria (HGB)","H03H","482010803","603","176.8,-1134.3","-95.181,29.765","Ind","HRM-3 Haden Road C603/A114, Houston, Harris, TX","1998-05-15",""
"Houston-Galveston-Brazoria (HGB)","H04H","482010804","604","181.4,-1126.4","-95.132,29.835","NR","HRM-4 Sheldon Rd C604, Houston, Harris, TX","1999-11-29",""
"Houston-Galveston-Brazoria (HGB)","H07H","482010807","607","192.6,-1133.6","-95.018,29.769","NR","HRM-7 W Baytown C607, Baytown, Harris, TX","1999-11-29",""
"Houston-Galveston-Brazoria (HGB)","H08H","482010808","608","189.3,-1147.4","-95.056,29.646","NR","HRM-8 LaPorte C608, Houston, Harris, TX","1999-11-29",""
"Houston-Galveston-Brazoria (HGB)","H10H","480710900","610","201.8,-1121.0","-94.921,29.879","NR","HRM-10 Mont Belvieu C610, Mont Belvieu, Chambers, TX","1999-11-09",""
"Houston-Galveston-Brazoria (HGB)","H11H","480710901","611","203.2,-1133.7","-94.910,29.766","NR","HRM-11 E Baytown C611, Baytown, Chambers, TX","1999-11-10",""
"Houston-Galveston-Brazoria (HGB)","HALC","482010024","8","162.4,-1119.4","-95.326,29.901","R","Houston Aldine C8/AF108/X150, Houston, Harris, TX","1997-04-02",""
"Houston-Galveston-Brazoria (HGB)","HAM1","482010060","404","166.6,-1129.8","-95.285,29.807","NR","Houston Kirkpatrick C404, Houston, Harris, TX","2000-02-07",""
"Houston-Galveston-Brazoria (HGB)","HAWH","482010068","48","141.3,-1114.5","-95.543,29.948","NR","Houston Wharton C48, Houston, Harris, TX","1999-03-22",""
"Houston-Galveston-Brazoria (HGB)","HCHV","482010026","15","182.1,-1130.1","-95.126,29.802","R","Channelview C15/AH115, Houston, Harris, TX","2000-02-01",""
"Houston-Galveston-Brazoria (HGB)","HCQA","482010051","409","148.6,-1150.6","-95.474,29.624","R","Houston Croquet C409, Houston, Harris, TX","2000-02-07",""
"Houston-Galveston-Brazoria (HGB)","HGDY","482010671","671","169.8,-1141.1","-95.255,29.706","NR","Goodyear Houston Site C671, Houston, Harris, TX","2006-05-03",""
"Houston-Galveston-Brazoria (HGB)","HLAA","482010047","408","146.8,-1127.2","-95.489,29.834","R","Lang C408, Houston, Harris, TX","2000-03-06",""
"Houston-Galveston-Brazoria (HGB)","HLPX","482010057","167","171.3,-1137.9","-95.238,29.734","NR","Galena Park A167, Galena Park, Harris, TX","2000-01-11",""
"Houston-Galveston-Brazoria (HGB)","HMCH","482010307","1029","169.2,-1139.6","-95.260,29.719","NR","Manchester C1029/A307/E307, Houston, Harris, TX","2005-05-25",""
"Houston-Galveston-Brazoria (HGB)","HNWA","482010029","26","128.5,-1104.5","-95.674,30.039","R","Northwest Harris Co. C26/A110/X154, Tomball, Harris, TX","1997-04-01",""
"Houston-Galveston-Brazoria (HGB)","HOEA","482011034","1","172.9,-1134.1","-95.221,29.768","R","Houston East C1/G316, Houston, Harris, TX","1997-05-07",""
"Houston-Galveston-Brazoria (HGB)","HROC","482010070","81","163.8,-1137.9","-95.316,29.735","R","Houston Regional Office C81, Houston, Harris, TX","2000-04-17",""
"Houston-Galveston-Brazoria (HGB)","HSMA","482010062","406","168.8,-1150.1","-95.267,29.626","R","Houston Monroe C406, Houston, Harris, TX","2000-02-07",""
"Houston-Galveston-Brazoria (HGB)","HTCA","482010075","411","160.4,-1136.0","-95.350,29.753","R","Houston Texas Avenue C411, Houston, Harris, TX","2001-03-30",""
"Houston-Galveston-Brazoria (HGB)","HUFM","482010563","563","187.8,-1101.3","-95.061,30.058","NR","Huffman Wolf Road C563, Huffman, Harris, TX","2010-09-21",""
"Houston-Galveston-Brazoria (HGB)","HWAA","482010046","405","166.7,-1127.5","-95.284,29.828","R","Houston North Wayside C405, Houston, Harris, TX","2000-02-22",""
"Houston-Galveston-Brazoria (HGB)","JACP","482010036","1036","184.2,-1132.9","-95.105,29.776","NR","Jacinto Port C1036/A318, Houston, Harris, TX","2006-07-19",""
"Houston-Galveston-Brazoria (HGB)","KATP","482010559","559","116.0,-1130.2","-95.806,29.811","NR","Katy Park C559, Houston, Harris, TX","2004-03-12",""
"Houston-Galveston-Brazoria (HGB)","KGWD","482011042","309","175.3,-1101.6","-95.190,30.058","NR","Kingwood C309, Kingwood, Harris, TX","2001-02-06",""
"Houston-Galveston-Brazoria (HGB)","KGWL","482010555","555","175.8,-1101.9","-95.185,30.055","NR","Kingwood Library C555, Kingwood, Harris, TX","2004-04-16","2010-03-18"
"Houston-Galveston-Brazoria (HGB)","LAP1","482010061","145","193.0,-1150.8","-95.018,29.615","NR","Shore Acres A145, La Porte, Harris, TX","1998-05-01",""
"Houston-Galveston-Brazoria (HGB)","LAP3","482011043","243","188.2,-1145.3","-95.066,29.665","NR","La Porte Airport C243, La Porte, Harris, TX","2005-06-09",""
"Houston-Galveston-Brazoria (HGB)","LKJK","480391016","1016","149.8,-1215.7","-95.473,29.044","R","Lake Jackson C1016, Lake Jackson, Brazoria, TX","2003-06-10",""
"Houston-Galveston-Brazoria (HGB)","LPSB","482010556","556","193.7,-1146.3","-95.010,29.655","NR","La Porte Sylvan Beach C556, La Porte, Harris, TX","2004-01-01",""
"Houston-Galveston-Brazoria (HGB)","LYNF","482011015","1015","186.8,-1134.2","-95.078,29.764","R","Lynchburg Ferry C1015/A165, Baytown, Harris, TX","2003-04-16",""
"Houston-Galveston-Brazoria (HGB)","MACP","480391004","84","156.7,-1162.2","-95.393,29.520","R","Manvel Croix Park C84, Manvel, Brazoria, TX","2001-08-06",""
"Houston-Galveston-Brazoria (HGB)","MDTW","482010695","695","161.4,-1139.9","-95.341,29.718","NR","UH Moody Tower C695, Houston, Harris, TX","2006-08-13",""
"Houston-Galveston-Brazoria (HGB)","MERC","482010557","557","156.8,-1104.1","-95.381,30.038","NR","Mercer Arboretum C557, Houston, Harris, TX","2004-02-12",""
"Houston-Galveston-Brazoria (HGB)","MEYE","482010561","561","143.2,-1107.3","-95.522,30.012","NR","Meyer Park C561, Houston, Harris, TX","2004-07-30",""
"Houston-Galveston-Brazoria (HGB)","MIPK","482010069","169","169.2,-1141.1","-95.261,29.706","NR","Houston Milby Park A169, Houston, Harris, TX","1998-11-17",""
"Houston-Galveston-Brazoria (HGB)","MSTG","480390619","619","175.9,-1184.9","-95.201,29.314","Ind","Mustang Bayou C619, Liverpool, Brazoria, TX","2003-06-06",""
"Houston-Galveston-Brazoria (HGB)","PASC","482010672","672","174.8,-1142.9","-95.204,29.689","NR","Pasadena AAMS C672, Pasadena, Harris, TX","2006-07-19","2009-03-03"
"Houston-Galveston-Brazoria (HGB)","PASN","482011049","1049","172.8,-1139.9","-95.223,29.716","NR","Pasadena North C1049/A330, Pasadena, Harris, TX","2008-06-30",""
"Houston-Galveston-Brazoria (HGB)","PRKP","482010416","416","165.9,-1143.4","-95.295,29.686","R","Park Place C416, Houston, Harris, TX","2006-02-21",""
"Houston-Galveston-Brazoria (HGB)","SBFP","482011050","45","193.4,-1154.4","-95.015,29.583","R","Seabrook Friendship Park C45, Seabrook, Harris, TX","2001-07-23",""
"Houston-Galveston-Brazoria (HGB)","SHLD","482010551","551","178.6,-1123.8","-95.160,29.859","NR","Sheldon C551, Houston, Harris, TX","2002-04-17",""
"Houston-Galveston-Brazoria (HGB)","SHWH","482010066","410","132.7,-1139.8","-95.636,29.723","R","Houston Westhollow C410, Houston, Harris, TX","2000-03-06",""
"Houston-Galveston-Brazoria (HGB)","TCNP","481670053","100","203.2,-1175.8","-94.919,29.390","NR","Nessler Pool A100, Texas City, Galveston, TX","1997-12-31","2007-08-21"
"Houston-Galveston-Brazoria (HGB)","TEXC","481670005","1022","202.1,-1176.4","-94.931,29.385","NR","Texas City Ball Park C1022/A147, Texas City, Galveston, TX","2004-02-18",""
"Houston-Galveston-Brazoria (HGB)","TOMB","482010558","558","160.4,-1154.4","-95.354,29.589","NR","Tom Bass C558, Houston, Harris, TX","2004-02-06",""
"Houston-Galveston-Brazoria (HGB)","TPCN","482010670","670","169.6,-1141.5","-95.257,29.702","NR","Texas Petrochemicals FTIR North C670, Houston, Harris, TX","2006-01-01",""
"Houston-Galveston-Brazoria (HGB)","TPCS","482010669","669","170.0,-1142.3","-95.253,29.695","NR","Texas Petrochemicals FTIR South C669, Houston, Harris, TX","2006-01-01",""
"Houston-Galveston-Brazoria (HGB)","TXCI","481670683","683","204.2,-1177.0","-94.910,29.379","NR","Texas City 11th St. C683, Texas City, Galveston, TX","2010-01-01",""
"Houston-Galveston-Brazoria (HGB)","TXCT","481670056","620","200.6,-1174.5","-94.946,29.402","Ind","Texas City 34th St. C620, Texas City, Galveston, TX","2003-06-06",""
"Houston-Galveston-Brazoria (HGB)","UHCC","481670697","697","191.3,-1176.3","-95.041,29.388","NR","UH Coastal Center C697, La Marque, Galveston, TX","2010-04-08",""
"Houston-Galveston-Brazoria (HGB)","UHJF","483390698","698","146.6,-1082.2","-95.483,30.236","NR","UH WG Jones Forest C698, Conroe, Montgomery, TX","2010-04-06",""
"Houston-Galveston-Brazoria (HGB)","UHSL","481570696","696","131.5,-1156.5","-95.650,29.574","NR","UH Sugarland C696, Sugar Land, Fort Bend, TX","2009-02-25",""
"Houston-Galveston-Brazoria (HGB)","UHWL","482910699","699","195.8,-1101.1","-94.978,30.058","NR","UH West Liberty C699, Dayton, Liberty, TX","2010-05-26",""
"Houston-Galveston-Brazoria (HGB)","WALV","482010617","617","195.2,-1127.7","-94.990,29.821","Ind","Wallisville Road C617, Baytown, Harris, TX","2003-05-30",""
"Houston-Galveston-Brazoria (HGB)","WHOU","482010554","554","130.4,-1127.5","-95.657,29.833","NR","West Houston C554, Houston, Harris, TX","2004-01-01",""
"Kileen-Temple-Fort Hood (KTF)","SKLF","480271047","1047","-65.0,-988.0","-97.680,31.088","NR","Killeen Skylark Field C1047, Killeen, Bell, TX","2009-06-11",""
"Kileen-Temple-Fort Hood (KTF)","TMPL","480270651","651","-32.4,-998.3","-97.339,30.997","NR","Temple C651, Temple, Bell, TX","2005-08-01","2006-11-07"
"Laredo (LAR)","LAR1","484790016","44","-252.0,-1385.9","-99.520,27.511","R","Laredo C44/AFGP144/P244, Laredo, Webb, TX","1998-02-03",""
"Laredo (LAR)","LAR2","484790017","66","-250.3,-1386.9","-99.503,27.502","NR","Laredo Bridge C66/AF173, Laredo, Webb, TX","1999-09-20",""
"Laredo (LAR)","WTBG","484790313","313","-253.0,-1375.9","-99.533,27.599","NR","World Trade Bridge C313, Laredo, Webb, TX","2002-08-12",""
"Lower Rio Grande Valley (LRGV)","BRNV","480610006","80","-50.4,-1572.3","-97.494,25.892","R","Brownsville C80/AGP180, Brownsville, Cameron, TX","1998-04-07",""
"Lower Rio Grande Valley (LRGV)","HETE","480611023","1023","-72.5,-1537.2","-97.713,26.200","NR","Harlingen Teege C1023, Harlingen, Cameron, TX","2012-10-09",""
"Lower Rio Grande Valley (LRGV)","IBPK","480612004","323","-17.0,-1551.9","-97.167,26.073","NR","Isla Blanca Park C323/C667, South Padre, Cameron, TX","2005-08-02",""
"McAllen-Edinberg-Mission (MEM)","EDIN","482150042","42","-120.1,-1524.3","-98.183,26.310","R","Edinburg C42/AP142, Edinburg, Hidalgo, TX","1998-04-07",""
"McAllen-Edinberg-Mission (MEM)","MECD","482151048","1048","-95.3,-1544.8","-97.937,26.131","NR","Mercedes C1048/A310, Mercedes, Hidalgo, TX","2008-10-09","2012-10-10"
"McAllen-Edinberg-Mission (MEM)","MISN","482150043","43","-131.2,-1533.6","-98.291,26.226","R","Mission C43/AP143, Mission, Hidalgo, TX","1998-04-06",""
"San Antonio (SAN)","BOER","480290052","58","-152.4,-1149.7","-98.565,29.632","R","Camp Bullis C58, San Antonio, Bexar, TX","1998-08-12",""
"San Antonio (SAN)","BVES","480910503","503","-142.2,-1135.4","-98.463,29.761","NR","Bulverde Elementary C503, Bulverde, Comal, TX","2002-08-27",""
"San Antonio (SAN)","CALA","480290059","59","-128.2,-1190.1","-98.311,29.275","R","Calaveras Lake C59, San Antonio, Bexar, TX","1998-05-13",""
"San Antonio (SAN)","COGR","480910505","505","-126.5,-1149.3","-98.299,29.639","NR","City of Garden Ridge C505, Garden Ridge, Comal, TX","2003-03-25",""
"San Antonio (SAN)","ECES","480290501","501","-168.6,-1189.2","-98.724,29.277","NR","Elm Creek Elementary C501, Atascosa, Bexar, TX","2002-06-18",""
"San Antonio (SAN)","FORH","480290502","502","-158.1,-1138.6","-98.626,29.730","NR","Fair Oaks Ranch C502, Fair Oaks Ranch, Bexar, TX","2002-06-27",""
"San Antonio (SAN)","GRGS","480290623","623","-129.6,-1183.7","-98.326,29.332","NR","Gardner Rd. Gas Sub-Station C623, San Antonio, Bexar, TX","2005-06-28",""
"San Antonio (SAN)","GT58","480290626","626","-131.9,-1185.2","-98.349,29.318","NR","Gate 58 CPS C626, San Antonio, Bexar, TX","2005-06-01",""
"San Antonio (SAN)","GT9A","480290625","625","-130.8,-1188.1","-98.338,29.292","NR","Gate 9A CPS C625, San Antonio, Bexar, TX","2005-06-01",""
"San Antonio (SAN)","HTMS","480290622","622","-130.3,-1181.3","-98.333,29.353","NR","Heritage Middle School C622, San Antonio, Bexar, TX","2004-07-29",""
"San Antonio (SAN)","NEWF","481870504","504","-100.1,-1142.4","-98.029,29.704","NR","New Braunfels Airport C504, New Braunfels, Guadalupe, TX","2002-08-30",""
"San Antonio (SAN)","OLDH","480290677","677","-154.3,-1173.0","-98.581,29.424","NR","Old Highway 90 C677, San Antonio, Bexar, TX","2006-10-06",""
"San Antonio (SAN)","PALO","480290676","676","-151.7,-1183.1","-98.552,29.334","NR","Palo Alto C676, San Antonio, Bexar, TX","2006-08-01",""
"San Antonio (SAN)","PECV","480290055","678","-139.7,-1175.1","-98.431,29.407","NR","CPS Pecan Valley C678, San Antonio, Bexar, TX","1999-03-04",""
"San Antonio (SAN)","SADN","480290046","27","-145.1,-1172.8","-98.486,29.427","NR","San Antonio Downtown C27, San Antonio, Bexar, TX","1996-10-17",""
"San Antonio (SAN)","SAWC","480290032","23","-158.0,-1162.7","-98.620,29.515","R","San Antonio Northwest C23, San Antonio, Bexar, TX","1996-09-17",""
"San Antonio (SAN)","SEAL","480290051","140","-137.2,-1171.0","-98.406,29.444","NR","San Antonio Seale A140, San Antonio, Bexar, TX","1996-01-01",""
"San Antonio (SAN)","SELM","480290053","301","-127.8,-1155.1","-98.312,29.587","NR","Selma C301, Selma, Bexar, TX","1999-12-01",""
"San Antonio (SAN)","SOLC","481870506","506","-90.8,-1155.3","-97.932,29.589","NR","Seguin Outdoor Learning Center C506, Seguin, Guadalupe, TX","2003-03-26",""
"Tyler-Longview-Marshal (TLM)","KARN","482030002","85","265.3,-807.9","-94.167,32.669","R","Karnack C85/AFH303, Karnack, Harrison, TX","2001-08-27",""
"Tyler-Longview-Marshal (TLM)","LGVW","481830001","19","215.1,-841.6","-94.712,32.379","R","Longview C19/C644/A127, Longview, Gregg, TX","1997-11-05",""
"Tyler-Longview-Marshal (TLM)","TYLA","484230007","82","149.0,-846.9","-95.416,32.344","R","Tyler Airport Relocated C82, Tyler, Smith, TX","2000-05-22",""
"Victoria (VIC)","INEZ","484690609","609","21.1,-1233.1","-96.785,28.900","NR","Inez C609, Inez, Victoria, TX","2010-07-09",""
"Victoria (VIC)","VCTC","484690003","87","-0.6,-1240.3","-97.006,28.836","R","Victoria C87, Victoria, Victoria, TX","1998-01-20",""
"Waco (WAC)","WAMA","483091037","1037","-6.7,-925.2","-97.071,31.653","NR","Waco Mazanec C1037, Elm Mott, McLennan, TX","2007-04-16",""